{
  "hash": "e77d4b50",
  "configHash": "b576e1b4",
  "lockfileHash": "b962bf48",
  "browserHash": "272a1dee",
  "optimized": {
    "@angular/common": {
      "src": "../../../../../../node_modules/@angular/common/fesm2022/common.mjs",
      "file": "@angular_common.js",
      "fileHash": "81547baa",
      "needsInterop": false
    },
    "@angular/common/http": {
      "src": "../../../../../../node_modules/@angular/common/fesm2022/http.mjs",
      "file": "@angular_common_http.js",
      "fileHash": "5a2f4f54",
      "needsInterop": false
    },
    "@angular/core": {
      "src": "../../../../../../node_modules/@angular/core/fesm2022/core.mjs",
      "file": "@angular_core.js",
      "fileHash": "30043f92",
      "needsInterop": false
    },
    "@angular/forms": {
      "src": "../../../../../../node_modules/@angular/forms/fesm2022/forms.mjs",
      "file": "@angular_forms.js",
      "fileHash": "46bb70d8",
      "needsInterop": false
    },
    "@angular/platform-browser": {
      "src": "../../../../../../node_modules/@angular/platform-browser/fesm2022/platform-browser.mjs",
      "file": "@angular_platform-browser.js",
      "fileHash": "2123bc18",
      "needsInterop": false
    },
    "@angular/platform-browser/animations": {
      "src": "../../../../../../node_modules/@angular/platform-browser/fesm2022/animations.mjs",
      "file": "@angular_platform-browser_animations.js",
      "fileHash": "7744f4a6",
      "needsInterop": false
    },
    "@angular/router": {
      "src": "../../../../../../node_modules/@angular/router/fesm2022/router.mjs",
      "file": "@angular_router.js",
      "fileHash": "d40ca162",
      "needsInterop": false
    },
    "@azure/msal-angular": {
      "src": "../../../../../../node_modules/@azure/msal-angular/fesm2020/azure-msal-angular.mjs",
      "file": "@azure_msal-angular.js",
      "fileHash": "67d726ad",
      "needsInterop": false
    },
    "@azure/msal-browser": {
      "src": "../../../../../../node_modules/@azure/msal-browser/dist/index.mjs",
      "file": "@azure_msal-browser.js",
      "fileHash": "f7de8154",
      "needsInterop": false
    },
    "@primeng/themes/aura": {
      "src": "../../../../../../node_modules/@primeng/themes/aura/index.mjs",
      "file": "@primeng_themes_aura.js",
      "fileHash": "a6031bbe",
      "needsInterop": false
    },
    "primeng/accordion": {
      "src": "../../../../../../node_modules/primeng/fesm2022/primeng-accordion.mjs",
      "file": "primeng_accordion.js",
      "fileHash": "6a652db6",
      "needsInterop": false
    },
    "primeng/api": {
      "src": "../../../../../../node_modules/primeng/fesm2022/primeng-api.mjs",
      "file": "primeng_api.js",
      "fileHash": "b2b56045",
      "needsInterop": false
    },
    "primeng/button": {
      "src": "../../../../../../node_modules/primeng/fesm2022/primeng-button.mjs",
      "file": "primeng_button.js",
      "fileHash": "d06da643",
      "needsInterop": false
    },
    "primeng/card": {
      "src": "../../../../../../node_modules/primeng/fesm2022/primeng-card.mjs",
      "file": "primeng_card.js",
      "fileHash": "235e6fbe",
      "needsInterop": false
    },
    "primeng/checkbox": {
      "src": "../../../../../../node_modules/primeng/fesm2022/primeng-checkbox.mjs",
      "file": "primeng_checkbox.js",
      "fileHash": "4407a481",
      "needsInterop": false
    },
    "primeng/chip": {
      "src": "../../../../../../node_modules/primeng/fesm2022/primeng-chip.mjs",
      "file": "primeng_chip.js",
      "fileHash": "185e7d75",
      "needsInterop": false
    },
    "primeng/config": {
      "src": "../../../../../../node_modules/primeng/fesm2022/primeng-config.mjs",
      "file": "primeng_config.js",
      "fileHash": "b2e2a642",
      "needsInterop": false
    },
    "primeng/datepicker": {
      "src": "../../../../../../node_modules/primeng/fesm2022/primeng-datepicker.mjs",
      "file": "primeng_datepicker.js",
      "fileHash": "f1c39c49",
      "needsInterop": false
    },
    "primeng/dialog": {
      "src": "../../../../../../node_modules/primeng/fesm2022/primeng-dialog.mjs",
      "file": "primeng_dialog.js",
      "fileHash": "51def175",
      "needsInterop": false
    },
    "primeng/drawer": {
      "src": "../../../../../../node_modules/primeng/fesm2022/primeng-drawer.mjs",
      "file": "primeng_drawer.js",
      "fileHash": "8d6e77e3",
      "needsInterop": false
    },
    "primeng/inputicon": {
      "src": "../../../../../../node_modules/primeng/fesm2022/primeng-inputicon.mjs",
      "file": "primeng_inputicon.js",
      "fileHash": "d16ea760",
      "needsInterop": false
    },
    "primeng/menu": {
      "src": "../../../../../../node_modules/primeng/fesm2022/primeng-menu.mjs",
      "file": "primeng_menu.js",
      "fileHash": "02a44b76",
      "needsInterop": false
    },
    "primeng/panel": {
      "src": "../../../../../../node_modules/primeng/fesm2022/primeng-panel.mjs",
      "file": "primeng_panel.js",
      "fileHash": "176e2c41",
      "needsInterop": false
    },
    "primeng/progressbar": {
      "src": "../../../../../../node_modules/primeng/fesm2022/primeng-progressbar.mjs",
      "file": "primeng_progressbar.js",
      "fileHash": "3b69804f",
      "needsInterop": false
    },
    "primeng/progressspinner": {
      "src": "../../../../../../node_modules/primeng/fesm2022/primeng-progressspinner.mjs",
      "file": "primeng_progressspinner.js",
      "fileHash": "5d72e36f",
      "needsInterop": false
    },
    "primeng/scroller": {
      "src": "../../../../../../node_modules/primeng/fesm2022/primeng-scroller.mjs",
      "file": "primeng_scroller.js",
      "fileHash": "72938c8a",
      "needsInterop": false
    },
    "primeng/select": {
      "src": "../../../../../../node_modules/primeng/fesm2022/primeng-select.mjs",
      "file": "primeng_select.js",
      "fileHash": "82960a71",
      "needsInterop": false
    },
    "primeng/splitbutton": {
      "src": "../../../../../../node_modules/primeng/fesm2022/primeng-splitbutton.mjs",
      "file": "primeng_splitbutton.js",
      "fileHash": "2203e38d",
      "needsInterop": false
    },
    "primeng/table": {
      "src": "../../../../../../node_modules/primeng/fesm2022/primeng-table.mjs",
      "file": "primeng_table.js",
      "fileHash": "80ac0e5d",
      "needsInterop": false
    },
    "primeng/tabs": {
      "src": "../../../../../../node_modules/primeng/fesm2022/primeng-tabs.mjs",
      "file": "primeng_tabs.js",
      "fileHash": "a151e875",
      "needsInterop": false
    },
    "primeng/toast": {
      "src": "../../../../../../node_modules/primeng/fesm2022/primeng-toast.mjs",
      "file": "primeng_toast.js",
      "fileHash": "194cddc8",
      "needsInterop": false
    },
    "primeng/toolbar": {
      "src": "../../../../../../node_modules/primeng/fesm2022/primeng-toolbar.mjs",
      "file": "primeng_toolbar.js",
      "fileHash": "0e159287",
      "needsInterop": false
    },
    "primeng/tooltip": {
      "src": "../../../../../../node_modules/primeng/fesm2022/primeng-tooltip.mjs",
      "file": "primeng_tooltip.js",
      "fileHash": "147726b9",
      "needsInterop": false
    },
    "rxjs": {
      "src": "../../../../../../node_modules/rxjs/dist/esm5/index.js",
      "file": "rxjs.js",
      "fileHash": "87ae9382",
      "needsInterop": false
    },
    "wavesurfer.js": {
      "src": "../../../../../../node_modules/wavesurfer.js/dist/wavesurfer.esm.js",
      "file": "wavesurfer__js.js",
      "fileHash": "dbcbf23e",
      "needsInterop": false
    }
  },
  "chunks": {
    "BrowserPerformanceMeasurement-TYHYMG63": {
      "file": "BrowserPerformanceMeasurement-TYHYMG63.js"
    },
    "chunk-OAHUMQHP": {
      "file": "chunk-OAHUMQHP.js"
    },
    "chunk-72OKA7AZ": {
      "file": "chunk-72OKA7AZ.js"
    },
    "chunk-CBQMYNL4": {
      "file": "chunk-CBQMYNL4.js"
    },
    "chunk-AXO3M7Q2": {
      "file": "chunk-AXO3M7Q2.js"
    },
    "chunk-PQVWQZAC": {
      "file": "chunk-PQVWQZAC.js"
    },
    "chunk-5WGLUBO2": {
      "file": "chunk-5WGLUBO2.js"
    },
    "chunk-X6LQSALR": {
      "file": "chunk-X6LQSALR.js"
    },
    "chunk-VXCQLYAE": {
      "file": "chunk-VXCQLYAE.js"
    },
    "chunk-YPRM5S6Y": {
      "file": "chunk-YPRM5S6Y.js"
    },
    "chunk-5FOYG4YD": {
      "file": "chunk-5FOYG4YD.js"
    },
    "chunk-BZJPMT3R": {
      "file": "chunk-BZJPMT3R.js"
    },
    "chunk-5G7WYC4N": {
      "file": "chunk-5G7WYC4N.js"
    },
    "chunk-IWFROG6T": {
      "file": "chunk-IWFROG6T.js"
    },
    "chunk-M6M6DBIL": {
      "file": "chunk-M6M6DBIL.js"
    },
    "chunk-Y5E6XLYS": {
      "file": "chunk-Y5E6XLYS.js"
    },
    "chunk-YJZOG7ZE": {
      "file": "chunk-YJZOG7ZE.js"
    },
    "chunk-4WPFNWYZ": {
      "file": "chunk-4WPFNWYZ.js"
    },
    "chunk-WTY6TJWV": {
      "file": "chunk-WTY6TJWV.js"
    },
    "chunk-VNDC54BV": {
      "file": "chunk-VNDC54BV.js"
    },
    "chunk-T3QH2H4N": {
      "file": "chunk-T3QH2H4N.js"
    },
    "chunk-PDHGNIJG": {
      "file": "chunk-PDHGNIJG.js"
    },
    "chunk-A7ODZUKB": {
      "file": "chunk-A7ODZUKB.js"
    },
    "chunk-NYWYORU6": {
      "file": "chunk-NYWYORU6.js"
    },
    "chunk-7X5K6Z2W": {
      "file": "chunk-7X5K6Z2W.js"
    },
    "chunk-HWP7EN34": {
      "file": "chunk-HWP7EN34.js"
    },
    "chunk-EVD4KW43": {
      "file": "chunk-EVD4KW43.js"
    },
    "chunk-L26F7CEZ": {
      "file": "chunk-L26F7CEZ.js"
    },
    "chunk-P6U2JBMQ": {
      "file": "chunk-P6U2JBMQ.js"
    },
    "chunk-F5VEO7WD": {
      "file": "chunk-F5VEO7WD.js"
    },
    "chunk-UCFCVG4N": {
      "file": "chunk-UCFCVG4N.js"
    },
    "chunk-35ENWJA4": {
      "file": "chunk-35ENWJA4.js"
    }
  }
}